customer_id,first_name,last_name,email,phone_number,address,city,state,zip_code
1,Emily,Wilson,emily.wilson1@example.com,555-101-1001,101 Elm St,Smalltown,TX,23456
2,James,Robinson,james.robinson2@example.com,555-102-1002,102 Oak St,Bigcity,NY,34567
3,Linda,King,linda.king3@example.com,555-103-1003,103 Pine St,Ruraltown,WA,45678
4,Matthew,Ward,matthew.ward4@example.com,555-104-1004,104 Maple St,Suburbia,FL,56789
5,Ashley,Ross,ashley.ross5@example.com,555-105-1005,105 Cedar St,Uptown,IL,67890
6,Justin,Reed,justin.reed6@example.com,555-106-1006,106 Birch St,Downtown,MI,78901
7,Kayla,Sanders,kayla.sanders7@example.com,555-107-1007,107 Willow St,Countryside,OH,89012
8,Andrew,Powell,andrew.powell8@example.com,555-108-1008,108 Cherry St,Seaside,OR,90123
9,Alyssa,Simmons,alyssa.simmons9@example.com,555-109-1009,109 Walnut St,Mountainside,CO,01234
10,Kelsey,Diaz,kelsey.diaz10@example.com,555-110-1010,110 Main St,Beachtown,CA,23456
11,Nathan,Miller,nathan.miller11@example.com,555-111-1011,111 Elm St,Lakeside,AZ,85001
12,Courtney,Clark,courtney.clark12@example.com,555-112-1012,112 Oak St,Rivertown,GA,30301
13,Steven,Allen,steven.allen13@example.com,555-113-1013,113 Pine St,Hilldale,NC,27501
14,Peter,Carter,peter.carter14@example.com,555-114-1014,114 Maple St,Plainview,NJ,07001
15,Morgan,Russell,morgan.russell15@example.com,555-115-1015,115 Cedar St,Fairview,PA,19001
16,Ryan,Brooks,ryan.brooks16@example.com,555-116-1016,116 Birch St,Anytown,CA,12345
17,Rachel,Gomez,rachel.gomez17@example.com,555-117-1017,117 Willow St,Smalltown,TX,23456
18,Brian,Jenkins,brian.jenkins18@example.com,555-118-1018,118 Cherry St,Bigcity,NY,34567
19,Laura,Washington,laura.washington19@example.com,555-119-1019,119 Walnut St,Ruraltown,WA,45678
20,Charles,Russell,charles.russell20@example.com,555-120-1020,120 Main St,Suburbia,FL,56789
21,Amy,Davis,amy.davis21@example.com,555-121-1021,121 Elm St,Uptown,IL,67890
22,Jeffrey,White,jeffrey.white22@example.com,555-122-1022,122 Oak St,Downtown,MI,78901
23,Helen,Young,helen.young23@example.com,555-123-1023,123 Pine St,Countryside,OH,89012
24,Edward,Green,edward.green24@example.com,555-124-1024,124 Maple St,Seaside,OR,90123
25,Carol,Richardson,carol.richardson25@example.com,555-125-1025,125 Cedar St,Mountainside,CO,01234
26,Paul,Rivera,paul.rivera26@example.com,555-126-1026,126 Birch St,Beachtown,CA,23456
27,Alice,Hughes,alice.hughes27@example.com,555-127-1027,127 Willow St,Lakeside,AZ,85001
28,David,Henderson,david.henderson28@example.com,555-128-1028,128 Cherry St,Rivertown,GA,30301
29,Jennifer,Hughes,jennifer.hughes29@example.com,555-129-1029,129 Walnut St,Hilldale,NC,27501
30,Christopher,Bryant,christopher.bryant30@example.com,555-130-1030,130 Main St,Plainview,NJ,07001
31,Samantha,Johnson,samantha.johnson31@example.com,555-131-1031,131 Elm St,Fairview,PA,19001
32,Daniel,Taylor,daniel.taylor32@example.com,555-132-1032,132 Oak St,Anytown,CA,12345
33,Lauren,Lewis,lauren.lewis33@example.com,555-133-1033,133 Pine St,Smalltown,TX,23456
34,Brandon,Scott,brandon.scott34@example.com,555-134-1034,134 Maple St,Bigcity,NY,34567
35,Megan,Collins,megan.collins35@example.com,555-135-1035,135 Cedar St,Ruraltown,WA,45678
36,Morgan,Peterson,morgan.peterson36@example.com,555-136-1036,136 Birch St,Suburbia,FL,56789
37,Cody,Sullivan,cody.sullivan37@example.com,555-137-1037,137 Willow St,Uptown,IL,67890
38,Brianna,Wood,brianna.wood38@example.com,555-138-1038,138 Cherry St,Downtown,MI,78901
39,Dylan,Long,dylan.long39@example.com,555-139-1039,139 Walnut St,Countryside,OH,89012
40,Taylor,Foster,taylor.foster40@example.com,555-140-1040,140 Main St,Seaside,OR,90123
41,Haley,Hayes,haley.hayes41@example.com,555-141-1041,141 Elm St,Mountainside,CO,01234
42,Daniel,Anderson,daniel.anderson42@example.com,555-142-1042,142 Oak St,Beachtown,CA,23456
43,Nicole,Hill,nicole.hill43@example.com,555-143-1043,143 Pine St,Lakeside,AZ,85001
44,Eric,Wright,eric.wright44@example.com,555-144-1044,144 Maple St,Rivertown,GA,30301
45,Michelle,Morris,michelle.morris45@example.com,555-145-1045,145 Cedar St,Hilldale,NC,27501
46,Richard,Cooper,richard.cooper46@example.com,555-146-1046,146 Birch St,Plainview,NJ,07001
47,Deborah,James,deborah.james47@example.com,555-147-1047,147 Willow St,Fairview,PA,19001
48,Timothy,Bennett,timothy.bennett48@example.com,555-148-1048,148 Cherry St,Anytown,CA,12345
49,Melissa,Perry,melissa.perry49@example.com,555-149-1049,149 Walnut St,Smalltown,TX,23456
50,George,Butler,george.butler50@example.com,555-150-1050,150 Main St,Bigcity,NY,34567
51,Donna,Griffin,donna.griffin51@example.com,555-151-1051,151 Elm St,Ruraltown,WA,45678
52,Jason,Brown,jason.brown52@example.com,555-152-1052,152 Oak St,Suburbia,FL,56789
53,Sharon,Martin,sharon.martin53@example.com,555-153-1053,153 Pine St,Uptown,IL,67890
54,Michael,Hall,michael.hall54@example.com,555-154-1054,154 Maple St,Downtown,MI,78901
55,Sarah,Adams,sarah.adams55@example.com,555-155-1055,155 Cedar St,Countryside,OH,89012
56,Robert,Murphy,robert.murphy56@example.com,555-156-1056,156 Birch St,Seaside,OR,90123
57,Amanda,Watson,amanda.watson57@example.com,555-157-1057,157 Willow St,Mountainside,CO,01234
58,Joshua,Price,joshua.price58@example.com,555-158-1058,158 Cherry St,Beachtown,CA,23456
59,Brittany,Coleman,brittany.coleman59@example.com,555-159-1059,159 Walnut St,Lakeside,AZ,85001
60,Nicholas,Flores,nicholas.flores60@example.com,555-160-1060,160 Main St,Rivertown,GA,30301
61,Chelsea,Alexander,chelsea.alexander61@example.com,555-161-1061,161 Elm St,Hilldale,NC,27501
62,Joseph,Jackson,joseph.jackson62@example.com,555-162-1062,162 Oak St,Plainview,NJ,07001
63,Zachary,Thompson,zachary.thompson63@example.com,555-163-1063,163 Pine St,Fairview,PA,19001
64,Jessica,Walker,jessica.walker64@example.com,555-164-1064,164 Maple St,Anytown,CA,12345
65,Jason,Baker,jason.baker65@example.com,555-165-1065,165 Cedar St,Smalltown,TX,23456
66,Rebecca,Evans,rebecca.evans66@example.com,555-166-1066,166 Birch St,Bigcity,NY,34567
67,Kaitlyn,Long,kaitlyn.long67@example.com,555-167-1067,167 Willow St,Ruraltown,WA,45678
68,Matthew,Powell,matthew.powell68@example.com,555-168-1068,168 Cherry St,Suburbia,FL,56789
69,Katherine,Ross,katherine.ross69@example.com,555-169-1069,169 Walnut St,Uptown,IL,67890
70,Kevin,Patterson,kevin.patterson70@example.com,555-170-1070,170 Main St,Downtown,MI,78901
71,Stephanie,Gonzales,stephanie.gonzales71@example.com,555-171-1071,171 Elm St,Countryside,OH,89012
72,Thomas,Smith,thomas.smith72@example.com,555-172-1072,172 Oak St,Seaside,OR,90123
73,Kimberly,Wilson,kimberly.wilson73@example.com,555-173-1073,173 Pine St,Mountainside,CO,01234
74,Steven,Robinson,steven.robinson74@example.com,555-174-1074,174 Maple St,Beachtown,CA,23456
75,Angela,King,angela.king75@example.com,555-175-1075,175 Cedar St,Lakeside,AZ,85001
76,Kenneth,Ward,kenneth.ward76@example.com,555-176-1076,176 Birch St,Rivertown,GA,30301
77,Sandra,Ross,sandra.ross77@example.com,555-177-1077,177 Willow St,Hilldale,NC,27501
78,Ronald,Reed,ronald.reed78@example.com,555-178-1078,178 Cherry St,Plainview,NJ,07001
79,Ruth,Sanders,ruth.sanders79@example.com,555-179-1079,179 Walnut St,Fairview,PA,19001
80,John,Powell,john.powell80@example.com,555-180-1080,180 Main St,Anytown,CA,12345
81,Frances,Stewart,frances.stewart81@example.com,555-281-2081,381 River Rd,Smalltown,TX,23456
82,Raymond,Bailey,raymond.bailey82@example.com,555-282-2082,382 Lake Dr,Bigcity,NY,34567
83,Virginia,Ward,virginia.ward83@example.com,555-283-2083,383 Hill Ln,Ruraltown,WA,45678
84,Carl,James,carl.james84@example.com,555-284-2084,384 Main St,Suburbia,FL,56789
85,Joyce,Price,joyce.price85@example.com,555-285-2085,385 Elm St,Uptown,IL,67890
86,Arthur,Henderson,arthur.henderson86@example.com,555-286-2086,386 Oak St,Downtown,MI,78901
87,Catherine,Long,catherine.long87@example.com,555-287-2087,387 Pine St,Countryside,OH,89012
88,Willie,Butler,willie.butler88@example.com,555-288-2088,388 Maple St,Seaside,OR,90123
89,Maria,Alexander,maria.alexander89@example.com,555-289-2089,389 Cedar St,Mountainside,CO,01234
90,Henry,Smith,henry.smith90@example.com,555-290-2090,390 Birch St,Beachtown,CA,23456
91,Teresa,Wilson,teresa.wilson91@example.com,555-291-2091,391 Willow St,Lakeside,AZ,85001
92,Jack,Jackson,jack.jackson92@example.com,555-292-2092,392 Cherry St,Rivertown,GA,30301
93,Janice,Garcia,janice.garcia93@example.com,555-293-2093,393 Walnut St,Hilldale,NC,27501
94,Walter,Lewis,walter.lewis94@example.com,555-294-2094,394 Park Ave,Plainview,NJ,07001
95,Jean,Young,jean.young95@example.com,555-295-2095,395 River Rd,Fairview,PA,19001
96,Ralph,Scott,ralph.scott96@example.com,555-296-2096,396 Lake Dr,Brookfield,WI,53045
97,Christine,Carter,christine.carter97@example.com,555-297-2097,397 Hill Ln,Cedar Rapids,IA,52401
98,Roger,Campbell,roger.campbell98@example.com,555-298-2098,398 Main St,Boulder,CO,80301
99,Marie,Stewart,marie.stewart99@example.com,555-299-2099,399 Elm St,Nashville,TN,37201
100,Gerald,Bailey,gerald.bailey100@example.com,555-300-2100,400 Oak St,Anytown,CA,12345
101,Janice,Ward,janice.ward101@example.com,555-301-2101,401 Pine St,Smalltown,TX,23456
102,Keith,James,keith.james102@example.com,555-302-2102,402 Maple St,Bigcity,NY,34567
103,Julia,Price,julia.price103@example.com,555-303-2103,403 Cedar St,Ruraltown,WA,45678
104,Jeremy,Henderson,jeremy.henderson104@example.com,555-304-2104,404 Birch St,Suburbia,FL,56789
105,Grace,Long,grace.long105@example.com,555-305-2105,405 Willow St,Uptown,IL,67890
106,Sean,Butler,sean.butler106@example.com,555-306-2106,406 Cherry St,Downtown,MI,78901
107,Hannah,Alexander,hannah.alexander107@example.com,555-307-2107,407 Walnut St,Countryside,OH,89012
108,Christian,Smith,christian.smith108@example.com,555-308-2108,408 Park Ave,Seaside,OR,90123
109,Olivia,Wilson,olivia.wilson109@example.com,555-309-2109,409 River Rd,Mountainside,CO,01234
110,Ella,Jackson,ella.jackson110@example.com,555-310-2110,410 Lake Dr,Beachtown,CA,23456
111,Aaron,Garcia,aaron.garcia111@example.com,555-311-2111,411 Hill Ln,Lakeside,AZ,85001
112,Madison,Lewis,madison.lewis112@example.com,555-312-2112,412 Main St,Rivertown,GA,30301
113,Benjamin,Young,benjamin.young113@example.com,555-313-2113,413 Elm St,Hilldale,NC,27501
114,Chloe,Scott,chloe.scott114@example.com,555-314-2114,414 Oak St,Plainview,NJ,07001
115,Jack,Carter,jack.carter115@example.com,555-315-2115,415 Pine St,Fairview,PA,19001
116,Victoria,Campbell,victoria.campbell116@example.com,555-316-2116,416 Maple St,Brookfield,WI,53045
117,Emily,Stewart,emily.stewart117@example.com,555-317-2117,417 Cedar St,Cedar Rapids,IA,52401
118,James,Bailey,james.bailey118@example.com,555-318-2118,418 Birch St,Boulder,CO,80301
119,Linda,Ward,linda.ward119@example.com,555-319-2119,419 Willow St,Nashville,TN,37201
120,Matthew,James,matthew.james120@example.com,555-320-2120,420 Cherry St,Anytown,CA,12345
121,Ashley,Price,ashley.price121@example.com,555-321-2121,421 Walnut St,Smalltown,TX,23456
122,Justin,Henderson,justin.henderson122@example.com,555-322-2122,422 Park Ave,Bigcity,NY,34567
123,Kayla,Long,kayla.long123@example.com,555-323-2123,423 River Rd,Ruraltown,WA,45678
124,Andrew,Butler,andrew.butler124@example.com,555-324-2124,424 Lake Dr,Suburbia,FL,56789
125,Alyssa,Alexander,alyssa.alexander125@example.com,555-325-2125,425 Hill Ln,Uptown,IL,67890
126,Kelsey,Smith,kelsey.smith126@example.com,555-326-2126,426 Main St,Downtown,MI,78901
127,Nathan,Wilson,nathan.wilson127@example.com,555-327-2127,427 Elm St,Countryside,OH,89012
128,Courtney,Jackson,courtney.jackson128@example.com,555-328-2128,428 Oak St,Seaside,OR,90123
129,Steven,Garcia,steven.garcia129@example.com,555-329-2129,429 Pine St,Mountainside,CO,01234
130,Peter,Lewis,peter.lewis130@example.com,555-330-2130,430 Maple St,Beachtown,CA,23456
